{
    "Experiments": 10000,
    "Categories": {
        "parallel_checker": {
            "overall": 0.001397072502513146,
            "two_pl": 4.568176429160563e-05,
            "conflict": 5.037700250404669e-05,
            "view": 0.0003100748700116431,
            "none": 0.0009909388657058506
        },
        "sequential_checker": {
            "overall": 0.0014195546963008988,
            "two_pl": 1.7569947147057975e-05,
            "conflict": 4.755428249573015e-05,
            "view": 0.0003437036566555131,
            "none": 0.0010107268100025975
        }
    },
    "Schedules": {
        "parallel_checker": {
            "0": [
                3.0481280003732536e-05,
                "two_pl"
            ],
            "1": [
                1.9429459987804875e-05,
                "two_pl"
            ],
            "2": [
                3.4637730027679936e-05,
                "two_pl"
            ],
            "3": [
                2.6176739999573328e-05,
                "two_pl"
            ],
            "4": [
                1.98178300204745e-05,
                "two_pl"
            ],
            "5": [
                7.917952997668181e-05,
                "two_pl"
            ],
            "6": [
                0.00011004978002529242,
                "two_pl"
            ],
            "7": [
                2.9558510007336734e-05,
                "conflict"
            ],
            "8": [
                2.2742190008284524e-05,
                "conflict"
            ],
            "9": [
                6.904388002112682e-05,
                "conflict"
            ],
            "10": [
                8.016342997943866e-05,
                "conflict"
            ],
            "11": [
                4.885351003140386e-05,
                "view"
            ],
            "12": [
                0.00028868442000093636,
                "view"
            ],
            "13": [
                0.0005926866800025891,
                "view"
            ],
            "14": [
                5.274511999268725e-05,
                "none"
            ],
            "15": [
                5.084932998906879e-05,
                "none"
            ],
            "16": [
                2.6846109996404265e-05,
                "none"
            ],
            "17": [
                0.0001600355299677176,
                "none"
            ],
            "18": [
                0.000635843390001537,
                "none"
            ],
            "19": [
                0.0001281616100037354,
                "none"
            ],
            "20": [
                0.005882090969989804,
                "none"
            ]
        },
        "sequential_checker": {
            "0": [
                1.564664002326026e-05,
                "two_pl"
            ],
            "1": [
                7.733279982858221e-06,
                "two_pl"
            ],
            "2": [
                1.2367070023537963e-05,
                "two_pl"
            ],
            "3": [
                9.37521999621822e-06,
                "two_pl"
            ],
            "4": [
                6.724529990970041e-06,
                "two_pl"
            ],
            "5": [
                2.979351999674691e-05,
                "two_pl"
            ],
            "6": [
                4.13493700158142e-05,
                "two_pl"
            ],
            "7": [
                2.9223619996628257e-05,
                "conflict"
            ],
            "8": [
                2.1608989999003823e-05,
                "conflict"
            ],
            "9": [
                6.507593999231175e-05,
                "conflict"
            ],
            "10": [
                7.430857999497675e-05,
                "conflict"
            ],
            "11": [
                5.9933909987375956e-05,
                "view"
            ],
            "12": [
                0.0003335468399713136,
                "view"
            ],
            "13": [
                0.0006376302200078499,
                "view"
            ],
            "14": [
                6.426982999691972e-05,
                "none"
            ],
            "15": [
                5.9354010010065396e-05,
                "none"
            ],
            "16": [
                3.908203001228685e-05,
                "none"
            ],
            "17": [
                0.00017491785000856908,
                "none"
            ],
            "18": [
                0.0006564269899958162,
                "none"
            ],
            "19": [
                0.00014125955000017713,
                "none"
            ],
            "20": [
                0.005939777409994349,
                "none"
            ]
        }
    }
}