{
    "Experiments": 10000,
    "Categories": {
        "parallel_checker": {
            "overall": 0.0013408708040473435,
            "two_pl": 4.317061333314693e-05,
            "conflict": 7.75368750002201e-05,
            "view": 0.0003111175599996386,
            "none": 0.0009090457557143379
        },
        "sequential_checker": {
            "overall": 0.0013377152560712035,
            "two_pl": 2.053874833274752e-05,
            "conflict": 6.839451249968533e-05,
            "view": 0.00033098081666707157,
            "none": 0.000917801178571699
        }
    },
    "Schedules": {
        "parallel_checker": {
            "0": [
                3.075301999997464e-05,
                "two_pl"
            ],
            "1": [
                2.611439999971026e-05,
                "two_pl"
            ],
            "2": [
                3.720806000021639e-05,
                "two_pl"
            ],
            "3": [
                3.323463000060656e-05,
                "two_pl"
            ],
            "4": [
                2.0275459999425037e-05,
                "two_pl"
            ],
            "5": [
                0.00011143810999894867,
                "two_pl"
            ],
            "6": [
                4.3597760001262033e-05,
                "conflict"
            ],
            "7": [
                3.218086000065341e-05,
                "conflict"
            ],
            "8": [
                9.499587999987398e-05,
                "conflict"
            ],
            "9": [
                0.00013937299999909101,
                "conflict"
            ],
            "10": [
                5.731440999850292e-05,
                "view"
            ],
            "11": [
                0.0003002459299994598,
                "view"
            ],
            "12": [
                0.0005757923400009532,
                "view"
            ],
            "13": [
                5.9399069999858515e-05,
                "none"
            ],
            "14": [
                5.732513999926141e-05,
                "none"
            ],
            "15": [
                4.0837030002307986e-05,
                "none"
            ],
            "16": [
                0.00016717460999843753,
                "none"
            ],
            "17": [
                0.0005809655300001623,
                "none"
            ],
            "18": [
                0.00012464707999988606,
                "none"
            ],
            "19": [
                0.005332971830000452,
                "none"
            ]
        },
        "sequential_checker": {
            "0": [
                1.4222800001289215e-05,
                "two_pl"
            ],
            "1": [
                1.4389839999148535e-05,
                "two_pl"
            ],
            "2": [
                1.3180129999295787e-05,
                "two_pl"
            ],
            "3": [
                1.569007999837595e-05,
                "two_pl"
            ],
            "4": [
                6.785479998939081e-06,
                "two_pl"
            ],
            "5": [
                5.896415999943656e-05,
                "two_pl"
            ],
            "6": [
                3.842313999994076e-05,
                "conflict"
            ],
            "7": [
                2.8244889998654797e-05,
                "conflict"
            ],
            "8": [
                8.293105999885029e-05,
                "conflict"
            ],
            "9": [
                0.00012397896000129548,
                "conflict"
            ],
            "10": [
                6.398089999959211e-05,
                "view"
            ],
            "11": [
                0.0003253745600012962,
                "view"
            ],
            "12": [
                0.0006035869900003263,
                "view"
            ],
            "13": [
                6.745720000005803e-05,
                "none"
            ],
            "14": [
                6.304059000137841e-05,
                "none"
            ],
            "15": [
                5.0332580000804226e-05,
                "none"
            ],
            "16": [
                0.0001727523700006259,
                "none"
            ],
            "17": [
                0.0005959667699991541,
                "none"
            ],
            "18": [
                0.0001332242499986478,
                "none"
            ],
            "19": [
                0.005341834490001225,
                "none"
            ]
        }
    }
}