{
    "Experiments": 10000,
    "Categories": {
        "parallel_checker": {
            "two_pl": 2.3210429993414437e-05,
            "conflict": 2.3093964983490878e-05,
            "view": 4.281258000155503e-05,
            "none": 0.00016155150165953576,
            "overall": 8.388297642091597e-05
        },
        "sequential_checker": {
            "two_pl": 8.692481996986317e-06,
            "conflict": 2.220535998349078e-05,
            "view": 5.2113020009710455e-05,
            "none": 0.0001737538966682526,
            "overall": 8.446496642650994e-05
        }
    },
    "Schedules": {
        "parallel_checker": {
            "0": [
                2.5231619978512755e-05,
                "two_pl"
            ],
            "1": [
                1.716031000833027e-05,
                "two_pl"
            ],
            "2": [
                3.1943820000378765e-05,
                "two_pl"
            ],
            "3": [
                2.3966249983641318e-05,
                "two_pl"
            ],
            "4": [
                1.7750149996209075e-05,
                "two_pl"
            ],
            "5": [
                2.595288999036711e-05,
                "conflict"
            ],
            "6": [
                2.0235039976614645e-05,
                "conflict"
            ],
            "7": [
                4.281258000155503e-05,
                "view"
            ],
            "8": [
                4.5969249994595886e-05,
                "none"
            ],
            "9": [
                4.522748998751922e-05,
                "none"
            ],
            "10": [
                2.3303969986227458e-05,
                "none"
            ],
            "11": [
                0.00014738474999685422,
                "none"
            ],
            "12": [
                0.0005886555400138604,
                "none"
            ],
            "13": [
                0.00011876800997815735,
                "none"
            ]
        },
        "sequential_checker": {
            "0": [
                1.0671739987083128e-05,
                "two_pl"
            ],
            "1": [
                6.54120999170118e-06,
                "two_pl"
            ],
            "2": [
                1.1349610003162524e-05,
                "two_pl"
            ],
            "3": [
                8.729659996242844e-06,
                "two_pl"
            ],
            "4": [
                6.1701900067419045e-06,
                "two_pl"
            ],
            "5": [
                2.53155999664159e-05,
                "conflict"
            ],
            "6": [
                1.9095120000565656e-05,
                "conflict"
            ],
            "7": [
                5.2113020009710455e-05,
                "view"
            ],
            "8": [
                5.4273419996752634e-05,
                "none"
            ],
            "9": [
                5.361326000238478e-05,
                "none"
            ],
            "10": [
                3.58935400210612e-05,
                "none"
            ],
            "11": [
                0.00016119008000023313,
                "none"
            ],
            "12": [
                0.0006068755099808186,
                "none"
            ],
            "13": [
                0.00013067757000826533,
                "none"
            ]
        }
    }
}