{
    "Experiments": 1,
    "Categories": {
        "parallel_checker": {
            "two_pl": 5.400000061074804e-05,
            "conflict": 5.280000095808646e-05,
            "view": 0.0002861333329443975,
            "none": 0.36072642857158954,
            "overall": 0.12031107619086037
        },
        "sequential_checker": {
            "two_pl": 2.194285635986099e-05,
            "conflict": 5.060000148660038e-05,
            "view": 0.00042806666654845077,
            "none": 0.3796737285717557,
            "overall": 0.1266360142858286
        }
    },
    "Schedules": {
        "parallel_checker": {
            "0": [
                5.94000011915341e-05,
                "two_pl"
            ],
            "1": [
                2.6100002287421376e-05,
                "two_pl"
            ],
            "2": [
                3.569999898900278e-05,
                "two_pl"
            ],
            "3": [
                2.5299999833805487e-05,
                "two_pl"
            ],
            "4": [
                2.0500003302004188e-05,
                "two_pl"
            ],
            "5": [
                8.710000111022964e-05,
                "two_pl"
            ],
            "6": [
                0.0001238999975612387,
                "two_pl"
            ],
            "7": [
                3.7900001188972965e-05,
                "conflict"
            ],
            "8": [
                2.599999788799323e-05,
                "conflict"
            ],
            "9": [
                5.950000195298344e-05,
                "conflict"
            ],
            "10": [
                8.780000280239619e-05,
                "conflict"
            ],
            "11": [
                5.900000178371556e-05,
                "view"
            ],
            "12": [
                0.00031099999978323467,
                "view"
            ],
            "13": [
                0.0004883999972662423,
                "view"
            ],
            "14": [
                4.4299998990027234e-05,
                "none"
            ],
            "15": [
                4.669999907491729e-05,
                "none"
            ],
            "16": [
                2.6699999580159783e-05,
                "none"
            ],
            "17": [
                0.00014390000069397502,
                "none"
            ],
            "18": [
                0.0006452000015997328,
                "none"
            ],
            "19": [
                0.00013530000069295056,
                "none"
            ],
            "20": [
                2.524042900000495,
                "none"
            ]
        },
        "sequential_checker": {
            "0": [
                2.719999974942766e-05,
                "two_pl"
            ],
            "1": [
                1.1000000085914508e-05,
                "two_pl"
            ],
            "2": [
                1.349999729427509e-05,
                "two_pl"
            ],
            "3": [
                9.100000170292333e-06,
                "two_pl"
            ],
            "4": [
                6.70000008540228e-06,
                "two_pl"
            ],
            "5": [
                3.5799999750452116e-05,
                "two_pl"
            ],
            "6": [
                5.029999738326296e-05,
                "two_pl"
            ],
            "7": [
                4.479999915929511e-05,
                "conflict"
            ],
            "8": [
                2.6600002456689253e-05,
                "conflict"
            ],
            "9": [
                6.0100002883700654e-05,
                "conflict"
            ],
            "10": [
                7.090000144671649e-05,
                "conflict"
            ],
            "11": [
                8.22000001790002e-05,
                "view"
            ],
            "12": [
                0.0003861999975924846,
                "view"
            ],
            "13": [
                0.0008158000018738676,
                "view"
            ],
            "14": [
                5.48999996681232e-05,
                "none"
            ],
            "15": [
                6.570000186911784e-05,
                "none"
            ],
            "16": [
                3.849999848171137e-05,
                "none"
            ],
            "17": [
                0.00016800000230432488,
                "none"
            ],
            "18": [
                0.0006231000006664544,
                "none"
            ],
            "19": [
                0.00015239999993355013,
                "none"
            ],
            "20": [
                2.6566134999993665,
                "none"
            ]
        }
    }
}