{
    "Experiments": 10000,
    "Categories": {
        "parallel_checker": {
            "overall": 1.418784797625189e-05,
            "two_pl": 4.6728500008915336e-07,
            "conflict": 8.166625002559158e-07,
            "view": 3.211703333060238e-06,
            "none": 9.692197142846582e-06
        },
        "sequential_checker": {
            "overall": 1.4064032381071185e-05,
            "two_pl": 2.174166666312279e-07,
            "conflict": 7.259500002191999e-07,
            "view": 3.4778899998248864e-06,
            "none": 9.642775714395872e-06
        }
    },
    "Schedules": {
        "parallel_checker": {
            "0": [
                3.648500000963395e-07,
                "two_pl"
            ],
            "1": [
                3.0674000008730216e-07,
                "two_pl"
            ],
            "2": [
                3.9949000001797683e-07,
                "two_pl"
            ],
            "3": [
                3.3155999990412967e-07,
                "two_pl"
            ],
            "4": [
                2.0665000020017034e-07,
                "two_pl"
            ],
            "5": [
                1.1944200002290018e-06,
                "two_pl"
            ],
            "6": [
                4.47340000209806e-07,
                "conflict"
            ],
            "7": [
                3.276300001743948e-07,
                "conflict"
            ],
            "8": [
                9.901800001898664e-07,
                "conflict"
            ],
            "9": [
                1.501500000449596e-06,
                "conflict"
            ],
            "10": [
                5.961799991382577e-07,
                "view"
            ],
            "11": [
                3.119250000145257e-06,
                "view"
            ],
            "12": [
                5.919679999897199e-06,
                "view"
            ],
            "13": [
                5.977799998618139e-07,
                "none"
            ],
            "14": [
                6.086699996558309e-07,
                "none"
            ],
            "15": [
                4.174800000328105e-07,
                "none"
            ],
            "16": [
                1.7819900000176858e-06,
                "none"
            ],
            "17": [
                6.292769999890879e-06,
                "none"
            ],
            "18": [
                1.3455300000714488e-06,
                "none"
            ],
            "19": [
                5.680116000039561e-05,
                "none"
            ]
        },
        "sequential_checker": {
            "0": [
                1.6843999928823905e-07,
                "two_pl"
            ],
            "1": [
                1.6203000013774725e-07,
                "two_pl"
            ],
            "2": [
                1.2427000065144967e-07,
                "two_pl"
            ],
            "3": [
                1.534899997750472e-07,
                "two_pl"
            ],
            "4": [
                6.906000016897451e-08,
                "two_pl"
            ],
            "5": [
                6.272099997659097e-07,
                "two_pl"
            ],
            "6": [
                4.160800004683551e-07,
                "conflict"
            ],
            "7": [
                2.9002000019318074e-07,
                "conflict"
            ],
            "8": [
                8.679399999891757e-07,
                "conflict"
            ],
            "9": [
                1.3297600002260878e-06,
                "conflict"
            ],
            "10": [
                6.731000002218935e-07,
                "view"
            ],
            "11": [
                3.4442599994690683e-06,
                "view"
            ],
            "12": [
                6.316309999783698e-06,
                "view"
            ],
            "13": [
                6.889499994940707e-07,
                "none"
            ],
            "14": [
                6.263099994612275e-07,
                "none"
            ],
            "15": [
                5.697800003872544e-07,
                "none"
            ],
            "16": [
                1.7886099998577266e-06,
                "none"
            ],
            "17": [
                6.261830000767077e-06,
                "none"
            ],
            "18": [
                1.413540000521607e-06,
                "none"
            ],
            "19": [
                5.6150410000282134e-05,
                "none"
            ]
        }
    }
}