{
    "Experiments": 10000,
    "Categories": {
        "parallel_checker": {
            "overall": 0.0021035194560720203,
            "two_pl": 6.71496850043089e-05,
            "conflict": 0.00012175955249958861,
            "view": 0.0004884060599932127,
            "none": 0.0014262041585749103
        },
        "sequential_checker": {
            "overall": 0.0021059023208350744,
            "two_pl": 3.2660928335099015e-05,
            "conflict": 0.00010717264249215077,
            "view": 0.000518888990008054,
            "none": 0.0014471797599997704
        }
    },
    "Schedules": {
        "parallel_checker": {
            "0": [
                4.74389900064125e-05,
                "two_pl"
            ],
            "1": [
                3.935496999802126e-05,
                "two_pl"
            ],
            "2": [
                5.679225003696047e-05,
                "two_pl"
            ],
            "3": [
                5.1611069981299805e-05,
                "two_pl"
            ],
            "4": [
                3.225566000037361e-05,
                "two_pl"
            ],
            "5": [
                0.00017544517000278573,
                "two_pl"
            ],
            "6": [
                6.580157998287178e-05,
                "conflict"
            ],
            "7": [
                4.870708001908497e-05,
                "conflict"
            ],
            "8": [
                0.00014744971997970424,
                "conflict"
            ],
            "9": [
                0.00022507983001669344,
                "conflict"
            ],
            "10": [
                8.57701400120277e-05,
                "view"
            ],
            "11": [
                0.0004719294499987882,
                "view"
            ],
            "12": [
                0.0009075185899688222,
                "view"
            ],
            "13": [
                9.024029002102907e-05,
                "none"
            ],
            "14": [
                8.810256999131525e-05,
                "none"
            ],
            "15": [
                6.265172000021267e-05,
                "none"
            ],
            "16": [
                0.0002573335899869562,
                "none"
            ],
            "17": [
                0.0009168612300069071,
                "none"
            ],
            "18": [
                0.00019225097000999085,
                "none"
            ],
            "19": [
                0.00837598874000796,
                "none"
            ]
        },
        "sequential_checker": {
            "0": [
                2.151778001425555e-05,
                "two_pl"
            ],
            "1": [
                2.2576639979160973e-05,
                "two_pl"
            ],
            "2": [
                2.031316999818955e-05,
                "two_pl"
            ],
            "3": [
                2.4094310003056306e-05,
                "two_pl"
            ],
            "4": [
                1.1625200008711544e-05,
                "two_pl"
            ],
            "5": [
                9.583847000722017e-05,
                "two_pl"
            ],
            "6": [
                5.889646997857198e-05,
                "conflict"
            ],
            "7": [
                4.310617997871304e-05,
                "conflict"
            ],
            "8": [
                0.0001297717199795443,
                "conflict"
            ],
            "9": [
                0.00019691620003177377,
                "conflict"
            ],
            "10": [
                9.624013000320701e-05,
                "view"
            ],
            "11": [
                0.0005120578500267584,
                "view"
            ],
            "12": [
                0.0009483689899941964,
                "view"
            ],
            "13": [
                9.880969002078928e-05,
                "none"
            ],
            "14": [
                9.668405999182142e-05,
                "none"
            ],
            "15": [
                7.585234998296074e-05,
                "none"
            ],
            "16": [
                0.0002713864800014562,
                "none"
            ],
            "17": [
                0.0009384403200085217,
                "none"
            ],
            "18": [
                0.00020338954999933777,
                "none"
            ],
            "19": [
                0.008445695869993506,
                "none"
            ]
        }
    }
}